"Factor","Value","pvalue"
"Alpha (Annual)",0.0521509333998254,0.531873910228197
"Market Beta",-8.92084923644876e-05,0.997860794523477
"SMB Beta",-0.0463215273849518,0.488130673073989
"HML Beta",-0.0947814779851029,0.0444096320339507
"R-Squared",0.00330235544665149,NA
